Make,Model,Horsepower,WeightEmpty,FuelCapacity,WeightGross,SpeedTop,SpeedCruise,SpeedStall,Range,TakeoffGroundRoll,LandingGroundRoll,Takeoff50ftObst,Landing50ftObst,RateOfClimb,RateOfClimbSingle,Ceiling,CeilingSingle,FuelBurn,Id
Aeronca,11 AC Chief,65,786,15,1250,78,72,33,180,0,0,583,880,360,,11000,,,1
Aeronca,11 CC Super Chief,85,820,15,1350,89,83,44,190,0,0,720,800,600,,12300,,,2
Aeronca,15 Ac Sedan,145,1180,36,2050,104,91,46,370,0,0,900,1300,450,,13000,,,3
Aeronca,7 AC Champ,65,740,14,1220,83,74,33,175,0,0,632,885,370,,12500,,,4
Aeronca,7 CCM Champ,90,810,19,1300,90,78,37,210,0,0,475,850,650,,16000,,,5
Aeronca,7 DC Champ,85,800,19,1300,88,78,37,210,0,0,500,850,620,,13000,,,6
Aerospatiale,Socata TB-20 Trinidad,250,1744,86,3083,167,160,54,1100,1193,755,1953,1750,1260,,20000,,,7
Aerospatiale,Socata TBM 700,700,4050,281,6579,300,291,61,1563,1017,1181,1591,2034,2380,,30000,,,8
Aerostar,PA-60-700P Aerostar (preliminary),350,4275,165,6315,264,230,80,868,1950,1425,3080,2100,1820,320,25000,14500,,9
Aerostar,PA-600,600A,-Aerostar,290,3737,165,5500,220,212,74,1200,1550,1040,1950,1840,1800,360,21200,6300,,10
Aerostar,PA-601, 601A, Turbocharged Aerostar,290,3750,174,5700,271,236,69,1174,1800,980,2200,1625,1700,370,30100,10800,,11
Aerostar,PA-601B Turbocharged Aerostar (after 1980),290,3958,165,6000,257,237,77,1174,1900,1230,2490,2030,1460,240,30000,8800,,12
Aerostar,PA-601P pressurized Aerostar,290,4056,165,6000,257,235,77,1101,1900,1230,2490,2030,1460,240,25000,8800,,13
Aerostar,PA-601P pressurized Aerostar (1977),290,4056,165,6000,257,235,77,1101,1900,1230,2490,2030,1460,240,26350,8800,,14
Aerostar,PA-602P Aerostar,290,4125,165,6000,262,247,77,1020,1800,1217,2250,2076,1755,302,28000,12900,,15
American Champion,7ACA,60,750,13,1220,85,75,38,261,525,0,850,,400,,8500,,,16
American Champion,7EC,90,820,26,1450,117,97,38,350,840,400,1240,700,700,,15500,,,17
American Champion,7ECA,,1067,35,1650,109,107,44,301,450,400,716,775,725,,12000,,,18
American Champion,7GCAA,150,1140,39,1650,113,109,43,411,375,400,535,755,1120,,17000,,,19
American Champion,7GCB,150,1050,37,1650,109,103,37,411,366,320,617,718,1140,,18100,,,20
American Champion,7GCBC,150,1150,35,1650,113,111,39,480,296,310,457,690,1145,,17000,,,21
American Champion,7GCBC with EDO floats,150,1290,39,1800,97,90,46,248,0,0,,,800,,16000,,,22
American Champion,7KCAB,150,1140,39,1650,116,109,43,411,375,400,535,755,1120,,17000,,,23
American Champion,8KCAB-150 F/P prop(w/optional speed kit),150,1260,40,1800,147,137,52,404,0,0,,,1000,,16000,,,24
American General / Grumman,AA-1A Trainer,108,1007,24,1500,120,109,51,350,725,395,1400,1065,765,,13750,,,25
American General / Grumman,AA-1B Trainer,108,975,24,1560,120,108,52,348,890,410,1590,1100,705,,12750,,,26
American General / Grumman,AA5 Traveler,150,1271,38,2200,130,122,50,503,880,380,1600,1100,660,,12650,,,27
American General / Grumman,AA5 Traveler (1975),150,1271,38,2200,137,129,50,503,880,380,1600,1100,660,,12650,,,28
American General / Grumman,AA5A Cheetah,150,1323,37,2200,136,127,52,428,880,380,1600,1100,660,,12650,,,29
American General / Grumman,AG5B Tiger,180,1360,51,2400,148,139,53,530,865,410,1550,1120,850,,13800,,,30
American General / Grumman,GA-7 Cougar (twin),160,2588,80,3800,168,160,63,680,1000,710,1805,1330,1160,200,17400,4250,,31
American General / Grumman,GA-7 Cougar (twin) (1977),160,2588,80,3800,168,160,63,680,1000,710,1805,1330,1160,200,18300,4900,,32
Beech,23 Musketeer,160,1300,60,2300,123,111,52,800,925,640,1275,1260,720,,13500,,,33
Beech,33 Debonair,225,1730,50,2900,170,161,52,550,940,635,1235,1282,1010,,19800,,,34
Beech,35 Bonanza,185,1458,39,2550,160,150,48,530,1200,580,1440,925,950,,18000,,,35
Beech,36 Bonanza,285,1980,50,3600,177,170,56,510,1112,683,1525,1240,1015,,16000,,,36
Beech,50 Twin Bonanza,260,3800,134,5500,177,158,56,722,1080,975,1350,1215,1450,320,19000,6500,,37
Beech,55 Baron,260,2960,112,4880,200,191,66,745,1255,1250,1700,1470,1630,350,19200,7600,,38
Beech,56 TC Turbo Baron,380,3650,142,5990,252,247,73,737,1005,1285,1420,2080,2020,410,32200,18600,,39
Beech,58 Baron,285,3361,136,5400,208,195,74,1109,1336,1439,2101,2498,1660,390,18600,7000,,40
Beech,58 Baron (300 hp),300,3443,136,5500,208,195,74,1109,1403,1439,2371,2498,1750,394,20688,7284,,41
Beech,58 P Baron Turbocharged.-specs thru 1976,310,3985,166,6100,231,207,79,1104,1654,1471,2761,2498,1424,205,25000,13220,,42
Beech,58 P Baron(325) pressurized,325,4026,166,6200,261,232,78,1013,1555,1378,2643,2427,1475,223,25000,12220,,43
Beech,58 P Baron-Press.,310,3985,166,6100,256,214,79,1130,1480,1471,2376,2498,1529,204,25000,14400,,44
Beech,58 TC Baron (325) Turbocharged-non-pressurized,325,3788,166,6200,261,232,78,1013,1555,1378,2643,2427,1475,270,25000,13490,,45
Beech,58 TC Baron (non-press./Turbocharged.),310,3780,166,6100,250,214,79,1130,1480,1471,2376,2498,1461,204,25000,14400,,46
Beech,60 Duke Pressurized,380,4100,142,6725,249,236,76,824,1253,1590,1660,2340,1615,319,31300,15700,,47
Beech,65 Queen Air,340,4640,180,7700,200,186,70,630,1310,1425,1700,1980,1300,210,27000,12100,,48
Beech,70 Queen Air,340,4995,214,8200,208,186,70,755,1269,1244,1675,2107,1375,230,30000,14900,,49
Beech,76 Duchess,180,2460,100,3900,171,158,60,843,1017,1000,2119,1881,1248,235,19650,6170,,50
Beech,77 Skipper,115,1103,29,1675,106,97,47,370,780,670,1280,1313,720,,12900,,,51
Beech,80 Queen Air,380,4800,230,8000,208,191,67,746,1060,1160,1450,2070,1300,180,28000,12100,,52
Beech,88 queen Air pressurized,380,6035,264,8800,214,192,71,902,1372,1340,1800,2311,1275,265,26800,11800,,53
Beech,90 King Air,500,5680,384,9000,243,235,75,1270,1350,1250,1755,1870,2000,525,28400,17700,,54
Beech,95, B95 Travel Air,180,2635,80,4100,183,170,61,661,1740,1015,2100,1850,1250,205,18100,4400,,55
Beech,A 23 Musketeer,165,1325,60,2350,127,120,50,565,990,640,1460,1260,880,,11870,,,56
Beech,A 23-19, Sport III, Musketeer,150,1325,60,2200,122,114,48,800,840,590,1255,1220,900,,14900,,,57
Beech,A 35 Bonanza,185,1575,39,2650,160,148,49,470,1275,625,1515,950,890,,17100,,,58
Beech,A 36 Bonanza,285,2195,74,3600,179,168,52,697,1140,840,2040,1450,1030,,16600,,,59
Beech,A 36 Bonanza (300 hp),300,2247,74,3650,184,169,59,720,971,913,1913,1473,1210,,18500,,,60
Beech,A 36 TC Bonanza(turbo),300,2278,74,3650,214,190,57,800,1176,721,2012,1449,1165,,25000,,,61
Beech,A 55 Baron,260,2960,112,4880,200,191,66,745,910,960,1700,1470,1700,350,19500,7600,,62
Beech,A 60 Duke pressurized,380,4175,142,6775,249,240,76,824,2006,1318,2626,3065,1601,307,30800,15100,,63
Beech,A 65 Queen Air,340,4980,214,7700,208,186,70,755,1180,1330,1560,1750,1300,245,31300,15500,,64
Beech,A 80 Queen Air,380,4900,214,8500,219,200,70,716,1500,1510,1800,2143,1585,275,28500,13400,,65
Beech,A 90 King Air,550,5680,384,9300,223,216,77,1160,1730,1250,2150,1960,1900,490,30200,17700,,66
Beech,A,B 33 Debonair,225,1745,50,3000,170,161,52,568,982,643,1235,1282,960,,18400,,,67
Beech,A-24R Sierra 200,200,1610,58,2750,148,141,57,704,1100,760,1630,1380,862,,14350,,,68
Beech,A23A Musketeer,165,1325,60,2400,127,120,50,565,990,640,1460,1260,880,,11870,,,69
Beech,A56TC Turbo Baron,380,3700,142,5990,252,247,73,737,1005,1285,1420,2080,2020,410,32200,18600,,70
Beech,B 19 Sport 150 (1977 and later),150,1414,57,2150,110,107,50,643,1030,824,1635,1693,680,,11650,,,71
Beech,B 19 Sport 150 (prior to 1977),150,1414,52,2150,110,107,50,643,1030,824,1635,1693,680,,11650,,,72
Beech,B 24R Sierra 200,200,1711,52,2750,140,131,55,591,1169,803,1804,1519,891,,14342,,,73
Beech,B 35 Bonanza,196,1575,39,2650,160,148,49,470,1275,625,1515,950,890,,17100,,,74
Beech,B 36 TC Bonanza,300,2338,102,3850,213,190,57,957,1156,976,2364,1692,1049,,25000,,,75
Beech,B 50 Twin Bonanza,260,3940,134,6000,177,159,60,733,1080,975,1344,1215,1450,300,20000,6500,,76
Beech,B 55 (SN 955 and up),260,3075,112,5000,205,196,68,763,910,840,1225,1370,1670,320,19700,7000,,77
Beech,B 55 (SN up to 954),260,3075,112,5100,205,196,68,763,910,840,1225,1370,1670,320,19700,7000,,78
Beech,B 55 Baron (1978 & up),260,3236,100,5100,201,184,73,739,1400,1467,2154,2148,1693,397,19300,6400,,79
Beech,B 60 Duke pressurized (1978 and after),380,4425,142,6775,246,233,73,1010,2075,1318,2626,3065,1601,307,30000,15100,,80
Beech,B 60 Duke pressurized (prior to 1978),380,4425,142,6775,246,233,73,1010,2006,1318,2626,3065,1601,307,30000,15100,,81
Beech,B 80 Queen Air - specs thru 1972,380,5120,214,8800,216,195,71,716,1372,1340,1800,2311,1275,265,26800,11800,,82
Beech,B 80 Queen Air 1973 thru 1978,380,5277,200,8800,216,196,70,656,2007,1620,2556,2572,1275,210,26800,11800,,83
Beech,B 90 King Air,550,5685,384,9650,223,219,74,1185,1750,980,2180,2010,2000,555,27200,14100,,84
Beech,B 95A, D 95A Travel Air (fuel inj.),180,2635,80,4200,183,174,61,661,1740,1015,2100,1850,1250,205,18100,4400,,85
Beech,C 23 Sundowner (1977 and later),180,1494,57,2450,128,116,51,565,1130,703,1955,1484,792,,12600,,,86
Beech,C 23 Sundowner (prior to 1976),180,1494,52,2450,128,116,51,565,1130,703,1955,1484,792,,12600,,,87
Beech,C 33 A Debonair,285,1775,50,3300,181,174,53,520,880,632,1225,1150,1200,,18300,,,88
Beech,C 33 Debonair,225,1854,50,3050,170,161,52,568,982,643,1288,1298,980,,18300,,,89
Beech,C 50 Twin Bonanza,275,3956,134,6000,178,161,60,726,1000,1000,1260,1375,1450,300,20000,6500,,90
Beech,C 90,C90-1 (-1 has increased speed),550,5765,384,9650,223,217,76,1120,1629,737,2261,1672,1955,539,28100,15050,,91
Beech,C,D 35 Bonanza,205,1650,39,2700,165,152,48,510,1250,625,1500,975,1100,,18000,,,92
Beech,C-24R Sierra 200 (1978 and later),200,1696,57,2750,145,137,60,647,1063,816,1561,1462,927,,15385,,,93
Beech,C-24R Sierra 200 (prior to 1978),200,1696,57,2750,145,137,60,647,1063,816,1561,1462,927,,16400,,,94
Beech,C55, D55 Baron,285,3075,112,5300,210,200,67,550,596,868,968,1414,1670,335,20900,7100,,95
Beech,C90A King Air(LJ-1063 up),550,5765,384,10100,247,240,75,1120,1629,737,2261,1672,2137,626,30000,15591,,96
Beech,Custom III Musketeer,180,1375,60,2400,127,120,50,565,990,640,1460,1260,728,,11870,,,97
Beech,D 18 S Twin Beech,450,5770,206,8750,200,183,67,632,1405,1250,1760,1460,1190,225,20500,7750,,98
Beech,D50,A,B,C,E, Twin Bonanza,295,4100,134,6300,186,178,62,670,1000,1010,1260,1452,1450,290,20000,7000,,99
Beech,E 18 Super Twin Beech,450,6150,206,9300,203,187,71,638,1655,1480,2079,1569,1250,290,23000,8400,,100
Beech,E 33 A Bonanza (conventional tail),285,1915,50,3300,181,174,53,520,880,625,1225,1150,1200,,18300,,,101
Beech,E 35 Bonanza,225,1722,39,2725,169,160,48,550,1060,680,1270,1025,1300,,19000,,,102
Beech,E 55 Baron,285,3291,100,5300,208,195,73,934,1315,1237,2050,2202,1682,388,19100,6600,,103
Beech,E 90 King Air,550,5996,474,10100,250,245,77,1290,1553,1030,2024,2110,1870,470,27620,14390,,104
Beech,E 95 Travel Air (fuel inj.),180,2650,80,4200,183,174,61,661,1000,980,1280,1590,1250,205,18100,4400,,105
Beech,E,F,G 50 Twin Bonanza supercharged,340,4460,180,7000,209,184,72,813,975,1250,1250,1840,1320,325,29500,12500,,106
Beech,F & E 33-C Bonanza (conventional tail),285,1918,50,3300,181,174,53,520,880,625,1225,1150,1200,,18300,,,107
Beech,F & E Bonanza (conventional tail),225,1862,50,3050,170,161,52,520,982,643,1288,1298,930,,17800,,,108
Beech,F 35 Bonanza,225,1722,39,2750,169,160,48,550,1060,680,1270,1025,1300,,19000,,,109
Beech,F90 King Air,750,6549,470,10950,267,261,77,1235,2090,1194,2856,2275,2380,600,29802,14419,,110
Beech,F90-1 King Air,750,6647,470,10950,279,265,79,1235,2012,1194,2808,2275,2455,632,30450,15300,,111
Beech,G 18 Super Twin Beech,450,5910,275,9700,200,186,73,880,1585,1480,1980,1850,1410,300,21400,8000,,112
Beech,G 33 Bonanza,260,1935,50,3300,177,168,49,513,1023,625,1516,1150,1060,,16600,,,113
Beech,G 35 Bonanza,225,1722,39,2775,169,160,48,550,1060,680,1270,1025,1300,,19000,,,114
Beech,H 18 Super Twin Beech,450,5845,198,9900,204,191,76,622,1650,1480,2072,1850,1400,260,20300,7900,,115
Beech,H 35 Bonanza,240,1820,39,2900,179,165,50,470,1050,710,1260,1050,1225,,19800,,,116
Beech,H,J 50 Twin Bonanza supercharged,340,4480,180,7300,204,180,72,787,975,1280,1250,1840,1270,290,29500,12500,,117
Beech,J 35 Bonanza,250,1820,39,2900,183,174,50,492,925,710,1175,1050,1250,,21300,,,118
Beech,K,M 35 Bonanza,250,1832,49,2950,183,170,52,495,950,710,1185,1050,1170,,20000,,,119
Beech,N,P 35 Bonanza,260,1855,50,3125,178,170,52,535,1050,650,1260,1100,1150,,19200,,,120
Beech,S 35 Bonanza,285,1915,50,3300,184,178,54,543,880,625,1225,1150,1200,,18300,,,121
Beech,Super III Musketeer (A-23-24),200,1410,60,2550,137,130,52,643,950,660,1380,1300,880,,14850,,,122
Beech,V 35 A & B-TC Turbo Bonanza,285,2027,50,3400,217,200,55,600,950,647,1320,1177,1225,,29500,,,123
Beech,V 35 A Bonanza,285,1960,44,3400,183,177,55,536,965,647,1320,1177,1136,,17500,,,124
Beech,V 35 Bonanza,285,1915,50,3400,183,177,55,543,965,647,1320,1177,1136,,17500,,,125
Beech,V 35 TC Turbo Bonanza,285,1950,50,3400,209,195,55,580,965,647,1320,1177,1225,,26600,,,126
Bellanca,14-19 Cruisemaster,190,1575,40,2600,174,157,38,435,850,450,1270,1025,1250,,21500,,,127
Bellanca,14-19-2 Cruisemaster,230,1640,40,2700,179,170,42,452,760,470,1025,1150,1400,,20000,,,128
Bellanca,17-30-300 Viking (Continental eng),300,1900,58,3200,167,163,54,550,450,575,890,1050,1840,,21000,,,129
Bellanca,17-30A, (1979 and after),300,2185,68,3325,181,176,61,550,0,0,1420,1340,1210,,20000,,,130
Bellanca,17-30A, 300-Cont.,300,2217,60,3325,166,163,61,550,980,835,1420,1340,1085,,17000,,,131
Bellanca,17-30A, 300-Cont.(1978),300,2217,68,3325,177,174,61,623,980,835,1420,1340,1085,,17000,,,132
Bellanca,17-31 ATC Turbo, 300-Lyc. (1978 and after),300,2372,68,3325,193,187,61,760,980,835,1420,1340,1170,,24000,,,133
Bellanca,17-31 ATC Turbo, 300-Lyc. (prior to 1978),300,2372,60,3325,193,187,61,670,980,835,1420,1340,1170,,24000,,,134
Bellanca,17-31A, (1978 and after),300,2247,68,3325,174,165,61,483,980,835,1420,1340,1170,,18200,,,135
Bellanca,17-31A, (prior to 1978),300,2247,60,3325,168,159,61,426,980,835,1420,1340,1170,,18200,,,136
Bellanca,17-31TC, Turbo Super Viking (Lycoming eng),250,2010,72,3200,193,187,54,760,460,575,890,1100,1800,,24000,,,137
Cessna,120,85,818,25,1450,104,100,43,390,650,460,1850,1530,640,,15500,,,138
Cessna,140,85,850,21,1500,102,88,46,315,750,460,1950,1530,620,,15100,,,139
Cessna,140 A,90,850,21,1500,103,90,46,315,650,460,1850,1530,640,,15600,,,140
Cessna,150,100,962,26,1500,108,104,47,318,680,360,1205,1055,740,,15300,,,141
Cessna,150 A,-B,-C,100,965,26,1500,108,105,43,320,680,360,1205,1055,740,,15300,,,142
Cessna,150 D,-E,-F,-G,100,970,26,1600,109,102,43,303,735,445,1375,1075,670,,12650,,,143
Cessna,150 H,J,K,100,1065,26,1600,106,102,42,303,735,445,1385,1075,670,,12650,,,144
Cessna,150 J float plane,100,1120,26,1650,90,85,43,276,1310,415,2075,850,560,,10700,,,145
Cessna,150 L,100,1060,26,1600,106,102,42,303,735,445,1385,1075,670,,12650,,,146
Cessna,150M, A150M Aerobat,100,1104,26,1600,109,106,42,303,735,445,1385,1075,670,,14000,,,147
Cessna,152 (with conical wing tips),110,1141,26,1670,110,107,43,315,725,475,1340,1200,715,,14700,,,148
Cessna,170,-A,-B,145,1205,42,2200,122,104,50,410,0,0,1820,1145,690,,15500,,,149
Cessna,172 B,145,1325,42,2200,122,114,51,515,875,600,1370,1115,730,,15100,,,150
Cessna,172 C,145,1330,42,2250,121,114,43,515,900,600,1450,1200,675,,14200,,,151
Cessna,172 I Skyhawk,150,1300,42,2300,122,115,43,515,865,520,1525,1250,645,,13100,,,152
Cessna,172 K & L float plane,150,1405,42,2220,94,92,45,418,1620,590,2390,1345,580,,12000,,,153
Cessna,172 K & L Skyhawk,150,1315,42,2300,122,115,43,417,865,520,1525,1250,645,,13100,,,154
Cessna,172 M (float plane 1973),150,1450,42,2220,94,92,45,435,1620,590,2390,1345,580,,12000,,,155
Cessna,172 M (Float Plane 1974-76),150,1574,42,2220,98,97,44,435,1620,590,2390,1345,715,,12000,,,156
Cessna,172 M Skyhawk,150,1335,42,2300,122,115,44,435,865,520,1525,1250,645,,13100,,,157
Cessna,172 M Skyhawk (1976),150,1335,42,2300,126,119,44,435,865,520,1525,1250,645,,13100,,,158
Cessna,172 P II Skyhawk,160,1454,43,2400,123,120,46,440,890,540,1625,1280,700,,13000,,,159
Cessna,172 Q Cutlass,180,1480,54,2550,123,122,48,475,960,575,1690,1335,680,,17000,,,160
Cessna,172 RG II Cutlass,180,1627,66,2650,144,140,50,720,1060,625,1775,1340,800,,16800,,,161
Cessna,172,-A,145,1260,37,2200,117,108,50,420,950,600,1650,1115,660,,13300,,,162
Cessna,172,-D,-E,-F,-G,-H,145,1330,42,2300,121,114,43,515,865,520,1525,1250,645,,13100,,,163
Cessna,172N-P/Hawk 100 (float plane 1978 & up),160,1632,43,2220,96,95,44,440,1400,590,2160,1345,740,,15000,,,164
Cessna,172N/Hawk 100 (1977),160,1430,43,2300,124,122,44,440,820,520,1390,1250,770,,14200,,,165
Cessna,175 C,175,1325,52,2450,123,118,56,589,835,690,1450,1170,790,,14500,,,166
Cessna,175,-A,-B,175,1312,52,2350,128,121,54,593,735,590,1340,1155,850,,15900,,,167
Cessna,177 A Cardinal,180,1440,49,2500,130,120,49,410,845,435,1575,1220,760,,15800,,,168
Cessna,177 Cardinal,150,1415,49,2350,125,117,46,591,845,400,1575,1135,670,,12700,,,169
Cessna,177 RG Cardinal,200,1630,51,2800,153,144,50,506,890,730,1585,1350,860,,16900,,,170
Cessna,180,225,1540,55,2550,144,137,51,513,610,450,1095,1310,1110,,21200,,,171
Cessna,180 A,-B,-C,-D,-E,-F,230,1555,55,2650,148,139,54,513,615,460,1080,1330,1130,,21500,,,172
Cessna,180 G,-H,230,1525,65,2800,148,141,50,622,625,480,1205,1365,1090,,19600,,,173
Cessna,180J,230,1701,88,2800,148,141,48,804,625,480,1205,1365,1100,,19600,,,174
Cessna,180J,K (float)(mg w/80),230,1955,61,2950,137,123,48,804,1280,735,2070,1720,990,,16000,,,175
Cessna,180J,K (ski) (after 1979),230,1790,88,2800,137,123,48,804,0,0,,,910,,14700,,,176
Cessna,180J,K (ski) (prior to 79),230,1790,88,2800,137,123,48,804,0,0,,,910,,15600,,,177
Cessna,180K,230,1701,88,2800,148,141,48,804,625,480,1205,1365,1100,,17700,,,178
Cessna,182,230,1540,55,2550,143,135,54,443,620,610,1020,1290,1120,,20100,,,179
Cessna,182 A,B,C,D,230,1560,55,2650,148,141,54,450,620,610,1080,1310,1030,,19800,,,180
Cessna,182 E,F,G,H,230,1610,65,2800,148,141,48,550,625,590,1205,1350,980,,18900,,,181
Cessna,182 J,K,L,M Skylane,230,1620,65,2800,148,141,48,550,625,590,1205,1350,980,,18900,,,182
Cessna,182 N Skylane,230,1640,65,2950,146,139,50,550,705,590,1350,1350,890,,17700,,,183
Cessna,182Q II (1981 & up),230,1775,92,3100,146,142,49,817,805,590,1515,1350,865,,14900,,,184
Cessna,185 A,B,C,D Skywagon,260,1520,65,3200,153,145,54,561,650,610,1510,1265,1000,,17300,,,185
Cessna,185 E Skywagon,300,1560,65,3300,153,145,54,470,725,625,1290,1285,950,,16900,,,186
Cessna,185 F Amph (water) (prior to 1979),300,2253,88,3100,136,130,50,500,1125,775,1710,1480,950,,16100,,,187
Cessna,188 AG Pickup Fixed-Prop (1972) restricted,230,1835,37,3800,94,83,50,204,1040,420,1740,1265,460,,7700,,,188
Cessna,188 AG Pickup Fixed-prop (1973-75) restricted,230,1900,37,3800,91,78,50,204,1120,420,1920,1265,400,,6500,,,189
Cessna,188A,B AG Wagon(1967-71) fixed-prop, Normal,230,1815,37,3300,103,101,50,204,845,420,1365,1265,710,,13000,,,190
Cessna,190,240,2015,80,3350,153,139,56,610,0,0,1670,1495,1090,,16000,,,191
Cessna,195,300,2050,80,3350,157,148,55,600,0,0,1670,1495,1090,,16000,,,192
Cessna,195 B,275,2050,80,3350,152,143,54,583,0,0,1605,1495,1135,,16250,,,193
Cessna,195A,245,2030,80,3350,153,139,56,603,0,0,1670,1495,1050,,16000,,,194
Cessna,205-A,260,1750,65,3300,145,138,50,515,685,625,1465,1510,965,,16100,,,195
Cessna,206, U 206 Super Skywagon,285,1760,65,3300,154,144,52,563,675,735,1265,1340,1075,,16700,,,196
Cessna,206C,D,Float Skywagon,300,2060,65,3500,136,131,,510,1445,695,2475,1570,855,,13900,,,197
Cessna,207, All, Skywagn & Stationair 7& 8,300,2177,61,3800,150,143,59,612,1100,765,1970,1500,810,,13300,,,198
Cessna,210 A Two Ten,260,1740,65,2900,173,165,51,700,620,750,1135,1190,1300,,20700,,,199
Cessna,210 B,C Two Ten,260,1780,65,3000,170,160,52,680,625,725,1210,1110,1270,,20300,,,200
Cessna,210 D & E Centurion,285,1860,65,3100,173,166,53,640,590,700,1110,1275,1210,,21000,,,201
Cessna,210 F Centurion,285,1865,65,3300,172,165,54,640,675,735,1265,1340,1115,,19900,,,202
Cessna,210 G, H & J, K, L Centurion,285,1960,90,3400,174,167,55,760,800,625,1365,1355,1000,,18300,,,203
Cessna,210 M,NII,300,2219,90,3800,174,170,57,600,1250,765,2030,1500,950,,17300,,,204
Cessna,210 M,NII (prior to 1978),300,2219,90,3800,174,170,57,600,1250,765,2030,1500,860,,17300,,,205
Cessna,310 F,-G (fuel inj.),260,3049,102,4990,210,191,73,678,1120,1265,1395,1720,1800,375,21300,7450,,206
Cessna,310 H (fuel inj.),260,3063,102,5100,209,194,65,687,1920,690,1545,1900,1690,380,21100,7450,,207
Cessna,310 I, J (fuel inj.),260,3094,102,5100,207,194,65,687,1385,960,1640,1540,1590,360,20300,7500,,208
Cessna,310 P,260,3170,102,5200,206,193,62,676,1451,558,1716,1673,1540,330,19900,6850,,209
Cessna,310 Q,260,3214,102,5300,205,192,63,680,1519,582,1795,1697,1495,327,19500,6680,,210
Cessna,310 R, II,285,3603,102,5500,207,194,70,661,1335,640,1700,1790,1662,370,19750,7400,,211
Cessna,310,-A,240,2850,102,4600,191,178,71,640,1120,1285,1375,1710,1700,380,19500,7250,,212
Cessna,310K,L,N (fuel inj.),260,3125,102,5200,206,193,65,676,1451,1002,1716,1582,1540,330,19900,6850,,213
Cessna,320 A-B-C Skyknight turbocharged,260,3260,102,5200,229,213,63,735,1050,640,1584,1910,1820,450,28100,16600,,214
Cessna,320 Skyknight turbocharged,260,3190,102,4990,230,204,68,740,870,640,1890,2056,1820,400,28100,16600,,215
Cessna,320D Skyknight turbocharged,285,3273,102,5200,239,226,64,735,1190,614,1515,1734,1924,475,29000,18800,,216
Cessna,320E-F, Skyknight turbocharged,285,3273,102,5300,239,226,64,735,1190,614,1515,1734,1924,475,29000,18800,,217
Cessna,335 II  nonpressurized/turbocharged,300,3963,102,5990,230,215,71,928,1850,770,2365,1850,1400,200,26800,11500,,218
Cessna,336 Skymaster fixed-gear,210,2320,93,3900,159,150,52,880,790,575,1145,1395,1300,370,19000,8200,,219
Cessna,337 B Skymaster,210,2615,93,4300,174,167,57,922,845,590,1490,1500,1250,335,20000,7500,,220
Cessna,337 C Skymaster,210,2650,93,4400,173,166,58,922,895,600,1545,1520,1200,300,19500,6800,,221
Cessna,337 D Skymaster,210,2655,93,4400,173,166,60,920,895,700,1545,1650,1200,300,19500,6800,,222
Cessna,337 E Skymaster,210,2660,93,4440,173,166,60,922,910,700,1565,1650,1180,285,19300,6500,,223
Cessna,337 F Skymaster,210,2695,93,4630,173,165,61,920,1000,700,1675,1650,1100,235,18000,5100,,224
Cessna,337 G, H II Skymaster,210,2925,90,4630,172,169,61,1139,1000,700,1675,1650,940,300,16300,6900,,225
Cessna,337 G, H II Skymaster (prior to 1979),210,2925,90,4630,172,169,61,1139,1000,700,1675,1650,940,300,18000,6900,,226
Cessna,337,-A, Skymaster,210,2615,93,4200,174,167,55,922,805,757,1435,1465,1200,360,20500,8200,,227
Cessna,340 A, II pressurized/turbocharged,310,4184,102,5990,243,229,71,1106,1615,770,2175,1850,1650,315,29800,15800,,228
Cessna,340 pressurized/turbocharged,285,3730,102,5975,226,210,71,1258,1760,765,2430,1840,1500,250,26500,12100,,229
Cessna,401-A &B turbocharged,300,3674,102,6300,227,209,69,1102,1695,777,2220,1765,1610,255,26180,11700,,230
Cessna,402-A turbocharged,300,3719,102,6300,227,209,69,833,1695,777,2220,1765,1610,225,26180,11320,,231
Cessna,402B, Business Liner,300,4038,102,6300,229,210,70,1180,1695,777,2220,1765,1610,225,26180,11320,,232
Cessna,402C Business Liner II,325,4238,213,6850,230,213,68,875,1763,1055,2195,2485,1450,301,26900,14800,,233
Cessna,404 Titan Ambassador II,375,4965,348,8400,232,217,70,553,1788,1100,2367,2130,1575,230,26000,10100,,234
Cessna,411, A, turbocharged,340,3865,175,6500,231,214,72,908,1560,1240,2010,1851,1900,320,26000,13000,,235
Cessna,414 pressurized-turbocharged,310,4039,102,6350,239,224,70,1090,1695,805,2350,1865,1580,240,30100,11350,,236
Cessna,414A II Chancellor (press-Turbocharged),310,4543,213,6750,235,224,72,1099,2185,1013,2595,2393,1520,290,30800,19850,,237
Cessna,421 - A & B,375,4252,175,6840,240,227,76,826,2012,1045,2516,2110,1700,300,26000,13340,,238
Cessna,421 pressurized/turbocharged,375,4237,170,6800,240,222,76,826,2012,1045,2516,2110,1700,300,26000,13340,,239
Cessna,421B Golden Eagle,375,4426,175,7450,245,235,74,845,1860,720,2387,2178,1850,305,31000,13000,,240
Cessna,421C Golden Eagle III,375,5048,213,7450,257,241,74,1197,1786,720,2323,2293,1940,350,30200,14900,,241
Cessna,421C Golden Eagle III (1979),375,5048,213,7450,257,241,85,1197,1786,720,2323,2293,1940,350,30200,14900,,242
Cessna,425 Corsair,450,4915,366,8200,263,250,79,1461,2047,952,2341,2145,2027,434,34700,18500,,243
Cessna,441 Conquest,625,5682,475,9850,295,283,76,2193,1785,1095,2465,1875,2435,715,35000,21380,,244
Cessna,650 Citation III (SN 100 and up),3650,11811,7384,22000,472,461,97,2600,0,0,5030,2900,3699,805,51000,23500,,245
Cessna,A 150 L Aerobat (1974),100,1040,26,1600,108,103,42,303,735,445,1385,1075,670,,14000,,,246
Cessna,A 185 E Skywagon,300,1565,65,3350,155,147,51,470,745,480,1330,1400,1040,,17500,,,247
Cessna,A,188,A,B,AG Wagon (1966-71) normal category,300,1845,37,3300,131,123,50,278,610,420,970,1265,940,,15700,,,248
Cessna,A152 (with conical wing tips),110,1141,26,1670,108,105,43,315,725,475,1340,1200,715,,14700,,,249
Cessna,A185 F (Float) (prior to 1979),300,1998,88,3320,141,134,52,522,1430,830,2125,1565,960,,16400,,,250
Cessna,A185 F (ski) (prior to 1979 hasless fuel),300,1842,88,3350,136,131,49,522,0,0,,,860,,15500,,,251
Cessna,A188 AG Truck Restricted,300,2220,54,4200,105,98,50,290,680,420,1090,1265,690,,11100,,,252
Cessna,A188 AG Wagon Restricted,300,2189,37,4000,105,98,50,278,680,420,1090,1265,690,,11100,,,253
Cessna,A188B AG Truck (1979 & up) dispersal system,300,2230,54,4200,106,101,57,290,1410,420,2250,1265,465,,7800,,,254
Cessna,A188B AG Wagon (1979 & up) dispersal system,300,2179,54,4000,107,103,55,290,1250,420,1965,1265,525,,8700,,,255
Cessna,Citation 500 (SN 1- 303),2200,6454,3780,11500,,348,85,1308,0,0,2660,2300,2900,800,41000,18300,,256
Cessna,Citation 500 (SN 1-70),2200,6350,3618,10850,,348,84,1064,0,0,2550,2310,2900,906,35000,21000,,257
Cessna,Citation 500 (SN 303 and higher),2200,6454,3780,11850,,348,85,1308,0,0,2660,2300,2900,800,41000,18300,,258
Cessna,Citation I 500,2200,6684,3780,11850,,351,,1325,0,0,2930,2270,2680,800,41000,21000,,259
Cessna,Citation II 550 (thru SN 626),2500,7388,5008,13300,,385,82,1930,0,0,2990,2270,3370,906,43000,25200,,260
Cessna,Citation II 551,2500,7181,5009,12500,,385,82,2104,0,0,2650,2210,3625,1170,43000,27200,,261
Cessna,P 206 Super Skylane,285,1790,65,3300,154,143,52,565,675,735,1265,1340,1075,,16700,,,262
Cessna,P206A,B,C,D,E,285,1820,65,3600,151,142,53,555,910,735,1810,1395,920,,14800,,,263
Cessna,P210R pressurized,325,2471,85,4100,224,212,55,715,1270,825,2110,1600,1150,,25000,,,264
Cessna,R172K/Hawk XP,195,1572,52,2550,132,130,47,570,800,635,1360,1345,870,,17000,,,265
Cessna,R172K/Hawk XP (1977),195,1572,52,2550,132,130,47,570,850,635,1360,1345,870,,17000,,,266
Cessna,R172K/Hawk XP (floats),195,1834,52,2550,117,116,44,539,1135,675,1850,1390,870,,15500,,,267
Cessna,R182 II RG Turbo Skylane,235,1846,92,3100,187,173,50,845,820,600,1570,1320,1040,,20000,,,268
Cessna,R182-RG II Skylane  (optl EGT reg. on svc. ceil.),235,1809,92,3100,160,156,50,845,820,600,1570,1320,1140,,18000,,,269
Cessna,S550 Citation SII,2500,8049,5820,15000,,403,82,2104,0,0,3240,3050,3000,860,43000,25000,,270
Cessna,T 188C AG Husky (after 1981),310,2322,54,4400,113,106,58,283,1290,420,2060,1265,510,,14000,,,271
Cessna,T 188C AG Husky (prior to 1981),310,2322,54,4400,109,102,58,283,1290,420,2060,1265,510,,14000,,,272
Cessna,T 207 All, Turbo (Stationair 7& 8),310,2254,61,3800,170,161,59,583,1030,765,1860,1500,885,,26000,,,273
Cessna,T 210 F Turbo Centurion,285,1965,65,3300,200,191,54,539,675,735,1265,1340,1280,,31300,,,274
Cessna,T 210 G,H & J Turbo Centurion,285,2050,89,3400,203,194,55,739,800,625,1365,1355,1115,,30200,,,275
Cessna,T 210 K Turbo,285,2180,90,3800,196,178,57,732,1170,765,2030,1500,930,,28500,,,276
Cessna,T 210 L Turbo,285,2180,90,3800,205,187,57,732,1170,765,2030,1500,930,,28500,,,277
Cessna,T 210 M Turbo,310,2306,90,3800,204,197,57,732,1150,765,1900,1500,1030,,28500,,,278
Cessna,T 310 P turbocharged,285,3292,102,5400,239,226,66,807,1250,640,1590,1790,1862,440,28600,18100,,279
Cessna,T 310 Q turbocharged,285,3292,102,5500,238,225,67,807,1306,640,1662,1790,1790,408,28200,17550,,280
Cessna,T 310 R, II turbocharged,285,3723,102,5500,237,223,70,517,1306,640,1662,1790,1700,390,27400,17200,,281
Cessna,T 337 B Skymaster turbocharged,210,2785,93,4300,202,196,57,920,845,590,1490,1500,1250,390,31000,20000,,282
Cessna,T 337 C Skymaster turbocharged,210,2795,93,4500,201,195,59,920,935,600,1595,1520,1155,325,30100,18600,,283
Cessna,T 337 D Skymaster turbocharged,210,2815,93,4500,201,195,61,920,935,700,1595,1650,1155,325,30100,16200,,284
Cessna,T 337 E & F Skymaster turbocharged,210,2850,93,4630,200,194,61,920,1000,700,1675,1650,1105,295,29300,14400,,285
Cessna,T 337 G-P II, H-P, Skymaster pressurized,225,3184,150,4700,211,204,62,939,945,795,1500,1675,1170,375,20000,18700,,286
Cessna,T-182Q II Turbo Skylane,235,1781,92,3100,168,157,49,743,790,590,1475,1350,965,,20000,,,287
Cessna,T-337 H-II Turbo (1979 and later),210,3038,90,4630,207,200,62,1080,1000,700,1675,1650,1160,335,20000,16500,,288
Cessna,T-337 H-II Turbo (prior to 1979),210,3038,90,4630,207,200,62,1080,1000,700,1620,1650,1160,335,20000,16500,,289
Cessna,T210N, Turbo Centurion,310,2303,90,4000,204,192,58,715,1300,765,2160,1500,930,,27000,,,290
Cessna,T210R Turbo Centurion,325,2320,87,4100,224,207,55,715,1270,825,2110,1600,1150,,29000,,,291
Cessna,T303 Crusader,250,3305,155,5000,216,180,62,835,1275,820,1750,1450,1480,220,25000,13000,,292
Cessna,TP 206A,B,C,D,E,285,1915,65,3600,174,160,53,609,910,735,1810,1395,1030,,26300,,,293
Cessna,TU 206 A,B,C,D,,285,1795,65,3600,174,160,53,627,910,735,1810,1395,1030,,26300,,,294
Cessna,TU 206E,F (ski) (after 1976),285,2165,65,3300,145,132,61,626,0,0,,,920,,23500,,,295
Cessna,TU 206E,F (ski) (prior to 1976),285,2165,69,3300,145,132,61,626,0,0,,,920,,23500,,,296
Cessna,TU 206E,F Stationair, Turbo,285,1935,65,3600,174,148,53,580,910,735,1810,1395,1030,,26300,,,297
Cessna,TU 206G II Stationair 6 (float),310,2404,92,3600,155,135,52,640,1810,845,2790,1750,835,,25600,,,298
Cessna,TU 206G Turbo (after 1979),310,2066,92,3600,174,152,54,640,835,735,1640,1395,1010,,27000,,,299
Cessna,TU 206G Turbo (prior to 1979),310,2066,80,3600,174,152,54,550,835,735,1640,1395,1010,,27000,,,300
Cessna,TU206 C,-D,-E,-F (float),285,2295,65,3600,157,143,50,626,1400,710,2400,1610,950,,24200,,,301
Cessna,U206 A,285,1795,65,3600,151,142,53,555,910,735,1810,1340,920,,14800,,,302
Cessna,U206 E,F (ski) Super Skywagon,300,2065,65,3300,121,119,52,510,0,0,,,800,,11500,,,303
Cessna,U206 F (ski) Stationair (1976 specs),300,2133,61,3300,121,118,52,510,0,0,,,800,,11500,,,304
Cessna,U206 F,G II(1975 and after),300,2002,92,3600,156,147,54,680,900,735,1780,1395,920,,14800,,,305
Cessna,U206 G II Stationair 6 float (1979-82),300,2342,92,3500,137,131,51,680,1835,780,2820,1675,925,,13900,,,306
Cessna,U206B,C,D,E Skywagon,300,1725,65,3600,151,143,53,510,900,735,1780,1395,920,,14800,,,307
Cessna,U206E,F,Float (1975-76 specs),300,2200,65,3500,136,131,49,510,1445,695,2475,1570,855,,13900,,,308
Cessna,U206G (Float) Stationair 6,300,2312,61,3500,136,130,53,580,1445,695,2475,1570,855,,13900,,,309
Commander,112,200,1530,60,2550,152,143,53,750,880,680,1460,1310,1000,,17000,,,310
Commander,112A,200,1691,48,2650,149,140,54,569,0,0,1585,1310,1020,,13900,,,311
Commander,112B,200,1773,48,2800,150,142,51,575,0,0,1829,1039,950,,15050,,,312
Commander,112TC, -A, Alpine,210,2035,48,2950,170,163,54,620,0,0,1750,1275,914,,20000,,,313
Commander,114 (1976 has less performance),260,1905,68,3140,166,157,55,665,0,0,1990,1200,1088,,17400,,,314
Commander,114A Gran Turismo,260,2070,68,3260,166,157,54,665,0,0,2150,1200,1030,,16500,,,315
Lake,C-1 Amphibian,150,1450,30,2150,109,97,50,320,750,475,1550,900,700,,9500,,,316
Lake,C-IV Amphibian,180,1520,30,2350,123,117,45,305,650,475,1375,900,800,,13500,,,317
Lake,LA-4 Amphibian,180,1555,40,2400,122,114,39,296,650,475,1275,900,800,,13000,,,318
Lake,LA-4 Seaplane,180,1345,40,2400,125,122,39,296,960,0,1250,,1000,,13500,,,319
Lake,LA-4 Turbo-Lake,180,1575,40,2400,149,143,39,543,650,475,1275,900,800,,20000,,,320
Lake,LA-4-200 Buccaneer (land specs) 1973 & prior,200,1535,40,2600,,130,39,455,660,475,875,900,1200,,14700,,,321
Lake,LA/250 Renegade,250,1850,85,3140,,122,53,1000,0,0,,,900,,12500,,,322
Lake,LA4/200EP,200,1660,48,2690,,127,39,800,0,0,,,980,,12500,,,323
Luscombe,8 E,85,791,30,1400,91,83,37,346,850,450,1850,1540,640,,15500,,,324
Luscombe,8 F,90,870,25,1400,96,83,37,273,850,450,1850,1540,660,,16000,,,325
Luscombe,8A,65,750,14,1260,91,78,37,182,1050,450,1950,1540,550,,14000,,,326
Maule,M-4 & M-4C Jetasen,145,1100,42,2100,157,130,35,750,700,450,900,600,700,,12000,,,327
Maule,M-4-180-C Astro Rocket,180,1250,42,2300,148,135,35,525,0,0,700,600,1000,,17000,,,328
Maule,M-4-210 C Rocket,210,1250,42,2100,157,143,35,500,380,450,585,600,1250,,18000,,,329
Maule,M-4-220C Strata Rocket,220,1280,42,2300,157,152,35,530,400,500,600,650,1250,,19000,,,330
Maule,M-5-180C,180,1300,40,2300,,136,33,525,200,0,800,600,900,,15000,,,331
Maule,M-5-210C Lunar Rocket,210,1350,40,2300,157,137,33,345,150,200,600,600,1250,,18000,,,332
Maule,M-5-210TC (turbocharged),210,1400,40,2300,,170,33,430,150,0,600,600,1250,,20000,,,333
Maule,M-5-220C Lunar Rocket,220,1300,42,2300,157,150,33,485,150,200,585,600,1250,,19000,,,334
Maule,M-5-235C,235,1400,40,2300,,150,33,360,150,300,600,600,1350,,20000,,,335
Maule,M-6 (Land plane),235,1425,40,2500,157,129,38,360,150,0,540,540,1900,,20000,,,336
Maule,M-7-235,235,1500,40,2500,,148,30,478,125,0,600,600,1350,,20000,,,337
Maule,MX-7-160,160,1330,40,2200,,135,40,540,600,0,1180,500,825,,13000,,,338
Maule,MX-7-180A,180,1350,40,2400,,140,40,500,550,0,1150,500,920,,15000,,,339
Mooney,201 (M20J),200,1671,64,2740,175,170,53,690,880,770,1550,1550,1030,,18800,,,340
Mooney,205 (M20J),200,1710,64,2740,178,171,54,690,900,677,1700,1600,1060,,18600,,,341
Mooney,231 (M20K) turbocharged,210,1800,75,2900,201,191,57,980,1220,1147,2060,2280,1080,,24000,,,342
Mooney,252 TSE (M20K),210,1800,75,2900,219,201,59,980,1250,1140,2200,2300,1080,,28000,,,343
Mooney,A 2-A Cadet,90,950,24,1450,112,108,39,456,540,350,1250,1350,640,,17300,,,344
Mooney,M-10 Cadet,90,950,24,1450,103,96,40,484,334,431,953,1016,835,,12500,,,345
Mooney,M-20-A Mark 20A,180,1440,35,2450,165,157,50,513,775,600,1050,1100,1150,,20000,,,346
Mooney,M-20-B Mark 21,180,1525,52,2450,165,158,50,745,775,600,1050,1100,1150,,18500,,,347
Mooney,M-20-C Mark 21,180,1525,52,2575,165,158,50,659,815,595,1250,1550,800,,17200,,,348
Mooney,M-20-C Ranger(1974 thru 1976),180,1525,52,2575,153,150,50,659,815,595,1395,1550,860,,19500,,,349
Mooney,M-20-C Ranger(prior to 1974),180,1525,52,2575,153,150,50,659,815,595,1395,1550,860,,17500,,,350
Mooney,M-20-D Master,180,1455,52,2500,128,117,50,715,750,585,1125,1100,740,,13600,,,351
Mooney,M-20-E Chaparral (1974 and later),200,1600,52,2575,165,160,50,601,760,595,1550,1550,1125,,21200,,,352
Mooney,M-20-E Chaparral (prior to 1974),200,1600,52,2575,165,160,50,601,760,595,1550,1550,1125,,18800,,,353
Mooney,M-20-E Super 21 Chaparral,200,1575,52,2575,171,163,50,601,760,595,1300,1365,1110,,18800,,,354
Mooney,M-20-G Statesman,180,1585,52,2525,155,147,50,627,815,595,1250,1670,875,,17000,,,355
Mooney,M-20-Mark 20,150,1415,35,2450,149,143,50,655,870,600,1150,1100,900,,17200,,,356
Mooney,M-20F Executive 21 (1974 and later),200,1640,64,2740,161,156,54,734,879,785,1385,1786,1055,,18800,,,357
Mooney,M-20F Executive 21 (prior to 74),200,1640,64,2740,161,156,54,734,879,785,1385,1786,1055,,17900,,,358
Mooney,M-22 pressurized,310,2380,92,3680,217,200,60,813,1142,958,2079,1549,1120,,24000,,,359
Piper,J-3 Cub,65,680,9,1220,76,65,33,146,370,290,730,470,450,,11500,,,360
Piper,PA-11,90,730,18,1220,197,87,35,230,350,290,700,470,900,,18000,,,361
Piper,PA-12 Super Cruiser,100,990,30,1750,100,91,43,360,410,360,720,470,575,,12300,,,362
Piper,PA-14 Cruiser,115,1020,30,1850,107,96,40,364,720,470,965,850,600,,12500,,,363
Piper,PA-16 Clipper,115,850,36,1650,109,97,43,368,720,600,925,875,600,,13500,,,364
Piper,PA-18 125 Super Cub,125,845,36,1500,109,97,36,450,420,350,650,725,940,,18500,,,365
Piper,PA-18 135 Super Cub,135,878,36,1750,106,95,37,470,525,350,750,725,870,,17250,,,366
Piper,PA-18 150 Super Cub,150,983,36,1750,113,100,37,400,200,350,500,885,960,,19000,,,367
Piper,PA-18 95 Super Cub,90,800,18,1500,97,87,37,230,452,385,1150,800,710,,15750,,,368
Piper,PA-20 125 Pacer,125,1005,36,1800,117,103,41,450,1210,780,1725,1280,550,,13750,,,369
Piper,PA-20 135 Pacer,135,1020,36,1950,121,109,42,470,1120,780,1600,1280,620,,15000,,,370
Piper,PA-22 108 Colt,108,940,36,1650,104,94,47,415,950,500,1500,1250,610,,12000,,,371
Piper,PA-22 135 Tri-Pacer,135,1060,36,1850,119,107,42,470,1120,650,1600,1280,620,,15000,,,372
Piper,PA-22 150 Tri-Pacer,150,1060,36,1950,122,113,43,430,1120,650,1600,1280,750,,16000,,,373
Piper,PA-22 160 Tri-Pacer,160,1110,36,2000,123,117,42,435,1035,650,1480,1280,800,,16500,,,374
Piper,PA-23 C Aztec,250,2933,144,5200,188,179,59,758,820,860,1250,1680,1490,240,19800,6400,,375
Piper,PA-23 C Turbo Aztec,250,3123,144,5200,223,205,59,645,820,850,1250,1250,1490,240,30000,18500,,376
Piper,PA-23 D Turbo Aztec,250,3123,140,5200,223,205,59,645,820,850,1250,1250,1490,240,30000,18500,,377
Piper,PA-23 D,E Aztec,250,3042,144,5200,188,183,59,722,820,850,1250,1250,1490,240,21100,6400,,378
Piper,PA-23 E Turbo Aztec,250,3229,144,5200,220,197,59,620,820,850,1250,1250,1530,265,30000,18700,,379
Piper,PA-23 F Aztec (after 1977),250,3184,137,5200,,178,55,680,1190,951,1980,1585,1400,235,17600,4800,,380
Piper,PA-23 F Aztec (prior to 1977),250,3184,144,5200,,178,55,680,1190,951,1980,1585,1400,235,17600,4800,,381
Piper,PA-23 F Turbo Aztec (after 1977),250,3323,137,5200,,215,55,565,1190,951,1980,1585,1470,225,24000,17000,,382
Piper,PA-23 F Turbo Aztec (prior to 1977),250,3323,144,5200,,215,55,565,1190,951,1980,1585,1470,225,24000,17000,,383
Piper,PA-23, B Aztec,250,2900,144,4800,187,178,54,770,750,900,1100,1260,1650,365,22500,7500,,384
Piper,PA-23-150 Apache,150,2180,72,3500,157,148,51,603,1190,670,1600,1360,1250,240,17000,5300,,385
Piper,PA-23-160 G,-H Apache,160,2230,72,3800,159,150,53,616,1190,750,1550,1360,1260,180,17000,5500,,386
Piper,PA-23-235 Apache,235,2735,144,4800,176,166,54,710,830,950,1280,1360,1450,220,17200,6600,,387
Piper,PA-24-180 Comanche,180,1530,60,2550,145,139,53,730,750,600,2240,1025,910,,18500,,,388
Piper,PA-24-250 Comanche,250,1690,60,2800,165,157,53,630,750,600,1650,1025,1350,,20000,,,389
Piper,PA-24-260,260,1728,60,2900,169,158,53,638,760,655,1040,1015,1370,,20000,,,390
Piper,PA-24-400 Comanche,400,2110,100,3600,194,185,59,756,980,1180,1500,1820,1600,,19500,,,391
Piper,PA-24-B-260,260,1728,60,3100,169,158,53,638,760,655,1040,1015,1370,,20000,,,392
Piper,PA-24-C 260 Comanche,260,1773,60,3200,170,161,53,628,820,690,1400,1200,1320,,19500,,,393
Piper,PA-25 150 Pawnee,150,1100,42,2300,98,83,50,400,625,400,1370,930,505,,11300,,,394
Piper,PA-25 235 C,D Pawnee (normal category),235,1576,36,2900,108,99,53,222,785,850,1350,1105,700,,14500,,,395
Piper,PA-25-260 C,D Pawnee (norm. cat.) c/spd prop,260,1488,38,2900,111,101,53,230,660,850,1200,1105,775,,15800,,,396
Piper,PA-28 140 B,C,D,E,150,1237,36,2150,123,117,48,480,800,535,1700,1080,660,,14300,,,397
Piper,PA-28 140 Cherokee (low gross),150,1180,36,1950,125,117,45,457,725,485,1150,850,820,,15000,,,398
Piper,PA-28 140 Cherokee Cruiser,150,1290,36,2150,124,110,48,455,800,535,1700,1080,631,,10950,,,399
Piper,PA-28 140-4 Cherokee (high gross),150,1180,36,2150,121,113,47,457,800,535,1220,870,660,,14300,,,400
Piper,PA-28 150 B 150 Cherokee,150,1205,36,2150,118,107,47,435,780,535,1750,890,660,,14300,,,401
Piper,PA-28 160 B 160 Cherokee,160,1210,36,2200,120,109,48,440,740,550,1700,890,700,,15000,,,402
Piper,PA-28 180 Challenger & Archer,180,1395,50,2450,129,123,53,507,720,635,1625,1185,725,,14150,,,403
Piper,PA-28 B 180 Cherokee,180,1230,50,2400,132,124,50,510,720,600,1620,1150,750,,16400,,,404
Piper,PA-28 C 150 Cherokee,150,1210,50,2150,125,117,47,690,780,535,1700,890,690,,14900,,,405
Piper,PA-28 C 160 Cherokee,160,1215,50,2200,127,119,48,703,740,550,1650,890,730,,15800,,,406
Piper,PA-28 C 180 Cherokee,180,1230,50,2400,132,124,50,510,720,600,1620,1150,750,,15700,,,407
Piper,PA-28 D 180 E,F,180,1310,50,2400,132,124,50,510,720,600,1620,1150,750,,16400,,,408
Piper,PA-28 D 180 G,180,1310,50,2400,132,124,50,510,720,600,1620,1150,750,,13000,,,409
Piper,PA-28-151 Warrior,150,1336,48,2325,117,110,44,626,1065,595,1760,1115,649,,12700,,,410
Piper,PA-28-151 Warrior (prior to 1977),150,1336,48,2325,117,110,58,626,1065,595,1760,1115,649,,12700,,,411
Piper,PA-28-161 Warrior II,160,1344,48,2325,126,118,44,525,975,595,1650,1160,644,,11000,,,412
Piper,PA-28-161 Warrior II (1979-1981),160,1344,48,2325,126,118,44,525,975,595,1650,1160,644,,14400,,,413
Piper,PA-28-180 R & RB Arrow,180,1380,50,2500,148,141,53,550,820,776,1240,1340,875,,15000,,,414
Piper,PA-28-181 Archer II,180,1416,48,2550,129,125,49,565,870,925,1210,1390,667,,13236,,,415
Piper,PA-28-181 Archer II (1979-1981),180,1416,48,2550,129,125,49,565,870,925,1210,1390,667,,15000,,,416
Piper,PA-28-200 R & RB Arrow,200,1459,50,2600,153,144,56,600,770,780,1600,1380,910,,16000,,,417
Piper,PA-28-201T Turbo Dakota,200,1579,72,2900,162,154,59,591,963,861,1402,1697,902,,20000,,,418
Piper,PA-28-235 B Cherokee,235,1435,50,2900,144,136,52,408,600,550,1040,1060,825,,14500,,,419
Piper,PA-28-235 C & D, E & F,235,1467,84,2900,144,136,52,710,800,680,1360,1300,825,,14500,,,420
Piper,PA-28-235 Charger,235,1550,84,3000,140,132,57,690,800,1040,1260,1740,800,,12000,,,421
Piper,PA-28-235 Pathfinder,235,1592,62,3000,140,126,53,485,800,1040,1260,1740,800,,13550,,,422
Piper,PA-28-236 Dakota,235,1608,72,3000,148,143,56,650,886,825,1216,1725,1110,,17500,,,423
Piper,PA-28R-,RT,-201T Turbo Arrow III,IV,200,1692,72,2900,177,172,61,695,1110,645,1620,1555,940,,20000,,,424
Piper,PA-30 B Turbo Twin Comanche,160,2408,120,3725,209,194,60,1100,950,700,1570,1875,1460,260,30000,19000,,425
Piper,PA-30 C Turbo Twin Comanche,160,2416,120,3725,214,209,60,1100,990,1250,1590,1900,1290,225,30000,17000,,426
Piper,PA-30 C Twin Comanche,160,2270,90,3600,178,172,60,785,940,1215,1530,1870,1460,260,20000,7100,,427
Piper,PA-30, B Twin Comanche,160,2210,90,3600,178,169,60,770,950,700,1570,1875,1460,260,18600,5800,,428
Piper,PA-31-300 Navajo,300,3605,150,6200,195,183,61,753,930,1115,1950,1690,1440,270,20500,5750,,429
Piper,PA-31-310 Turbo Navajo,310,3842,150,6500,226,215,62,840,890,1115,1760,1690,1395,245,26300,15800,,430
Piper,PA-31-325Navajo C/R,325,4099,183,6500,228,202,70,899,1000,906,2250,1818,1220,255,24000,15300,,431
Piper,PA-31-350 Chieftain,350,4221,182,7000,230,211,74,883,1350,1045,2510,1880,1120,230,24000,13700,,432
Piper,PA-31P-350 Mojave,350,5070,238,7200,242,220,75,1190,2190,1395,3035,2305,1220,255,26500,14300,,433
Piper,PA-31T IA Cheyenne IA,500,5110,366,8700,261,247,71,861,1429,1589,2444,2263,1750,440,28200,13750,,434
Piper,PA-31T-620 Cheyenne II,620,5018,382,9000,283,269,75,1444,1410,1430,1980,2480,2710,660,31600,14600,,435
Piper,PA-32-260(1974-78),260,1784,84,3400,148,137,55,834,1200,640,1800,1000,775,,12800,,,436
Piper,PA-32-300,300,1846,50,3400,156,151,55,744,900,630,1350,1000,1050,,17100,,,437
Piper,PA-32-300 (1979),300,1846,94,3400,156,151,55,744,900,630,1350,1000,1050,,17100,,,438
Piper,PA-32-300,B,C,D,E Cherokee Six (thru 1972),300,1789,50,3400,151,146,55,673,1050,630,1500,1000,1050,,16250,,,439
Piper,PA-32-301 Saratoga (2-blade prop),300,1940,102,3600,152,150,58,745,1183,732,1759,1612,990,,14100,,,440
Piper,PA-32-301T Turbo Saratoga (2-blade prop),300,2003,102,3600,178,165,58,627,1110,732,1590,1725,1075,,20000,,,441
Piper,PA-32R,RT II-300 Lance,300,1968,94,3600,165,156,61,748,1450,880,2360,1710,1000,,15400,,,442
Piper,PA-32R-301 Saratoga SP (3-blade prop),300,1999,102,3600,163,158,57,784,1013,732,1573,1612,1116,,15588,,,443
Piper,PA-32R-301T Turbo Saratoga SP (3-blade prop),300,2078,102,3600,295,177,57,784,960,732,1420,1725,1120,,20000,,,444
Piper,PA-32RT-300T Turbo Lance II,300,2071,94,3600,189,175,61,648,1410,1050,1875,1760,1050,,20000,,,445
Piper,PA-34-200 C/R Seneca (1972),200,2586,100,4000,170,162,58,685,750,705,1140,1335,1460,230,20000,6600,,446
Piper,PA-34-200T C/R Turbo Seneca II,200,2841,93,4570,196,177,62,725,870,1380,1240,2110,1340,225,25000,13400,,447
Piper,PA-34-220T Seneca III;IV,220,2852,93123,4750,196,191,64,725,920,1400,1210,1978,1400,240,25000,12000,,448
Piper,PA-36-285 Brave (normal category),285,2140,87,3900,131,128,54,660,875,700,1410,1650,790,,13000,,,449
Piper,PA-38 Tomahawk,112,1128,30,1670,109,108,49,384,820,707,1460,1544,718,,13000,,,450
Piper,PA-38 Tomahawk (prior to 1980),112,1128,30,1670,109,108,49,384,820,707,1460,1544,718,,12000,,,451
Piper,PA-39 C/R Turbo Twin Comanche,160,2416,120,3725,214,192,61,1188,990,725,1590,1900,1290,225,25000,12600,,452
Piper,PA-39 C/R Twin Comanche,160,2270,90,3600,178,172,61,785,940,700,1530,1870,1460,260,20000,7100,,453
Piper,PA-42-1000 Cheyenne 400LS,1000,7856,3819,12050,351,334,,1879,0,0,1930,2280,3242,997,41000,28700,,454
Piper,PA-42-720 Cheyenne III (prior to 1982),720,6389,382,11200,290,275,87,1515,2560,1770,3230,3017,2236,531,32000,18200,,455
Piper,PA-42-720 Cheyenne III A,720,6837,578,11200,312,288,89,1722,1465,1914,2280,3043,2380,625,35840,23200,,456
Piper,PA-42-720 Cheyenne III(after 1982),720,6389,390,11200,290,275,87,1515,2560,1770,3230,3017,2236,531,32000,18200,,457
Piper,PA-44-180 Seminole,180,2406,108,3800,202,157,55,681,880,590,1520,1238,1340,212,15000,3800,,458
Piper,PA-44-180T Turbo Seminole,180,2461,108,3925,195,183,56,850,900,590,1500,1400,1290,180,20000,12500,,459
Piper,PA-46-310P Malibu,310,2460,120,4100,203,187,50,1261,1440,1070,2025,1800,1143,,25000,,,460
Piper,PA-46-350P Malibu Mirage,350,2790,120,4300,232,201,60,1261,1530,1018,2375,1964,1218,,25000,,,461
Piper,PA28R-201 Arrow III, 28RT-201 Arrow IV,200,1637,72,2750,149,138,55,695,1025,615,1600,1525,831,,16200,,,462
Piper,PA31 P Press Navajo (after 1977),425,5004,186,7800,243,220,73,690,1440,1370,2200,2700,1740,240,29000,12100,,463
Piper,PA31 P Press Navajo (prior to 1977),425,5004,192,7800,243,220,73,690,1440,1370,2200,2700,1740,240,29000,12100,,464
PZL,PZL-104 Wilga 80,260,2085,44,2886,,88,35,250,365,509,800,850,925,,12000,,,465
